[
  "Delhi-NCR",
  "Aalo",
  "Abohar",
  "Abu Road",
  "Achampet",
  "Acharapakkam",
  "Addanki",
  "Adilabad",
  "Adimali",
  "Adipur",
  "Adoni",
  "Agar Malwa",
  "Agartala",
  "Agiripalli",
  "Agra",
  "Ahilyanagar",
  "Ahmedabad",
  "Ahmedgarh",
  "Ahore",
  "Aizawl",
  "Ajmer",
  "Akaltara",
  "Akbarpur",
  "Akividu",
  "Akluj",
  "Akola",
  "Akot",
  "Alakode",
  "Alangudi",
  "Alangulam",
  "Alappuzha",
  "Alathur",
  "Alibaug",
  "Aligarh",
  "Alipurduar",
  "Allagadda",
  "Almora",
  "Alsisar",
  "Alur",
  "Alwar",
  "Amadalavalasa",
  "Amalapuram",
  "Amalner",
  "Amangal",
  "Amanpur",
  "Amaravathi",
  "Ambajogai",
  "Ambala",
  "Ambikapur",
  "Ambur",
  "Amgaon",
  "Ampara",
  "Amravati",
  "Amreli",
  "Amritsar",
  "Amroha",
  "Anaikatti",
  "Anakapalle",
  "Anand",
  "Anandapur",
  "Anantapalli",
  "Anantapur",
  "Anaparthi",
  "Anchal",
  "Andaman And Nicobar",
  "Anekal",
  "Angadipuram",
  "Angamaly",
  "Angara",
  "Angul",
  "Anjad",
  "Anjar",
  "Anklav",
  "Ankleshwar",
  "Ankola",
  "Annavaram",
  "Annigeri",
  "Anthiyur",
  "Anuradhapura",
  "Apra",
  "Arakkonam",
  "Arambagh",
  "Arambol",
  "Aranthangi",
  "Aravakurichi",
  "Ariyalur",
  "Arkalgud",
  "Armoor",
  "Arni",
  "Arsikere",
  "Aruppukottai",
  "Asansol",
  "Ashoknagar",
  "Ashta",
  "Asika",
  "Aswaraopeta",
  "Atchampeta",
  "Athagarh",
  "Athani",
  "Atmakur",
  "Atpadi",
  "Atraulia",
  "Attibele",
  "Attili",
  "Attingal",
  "Attur",
  "Aurangabad",
  "Auroville",
  "Aushapur",
  "Avinashi",
  "Ayodhya",
  "Azamgarh",
  "B. Kothakota",
  "Babra",
  "Badami",
  "Badaun",
  "Baddi",
  "Badhra",
  "Badnagar",
  "Badnawar",
  "Badulla",
  "Badvel",
  "Bagaha",
  "Bagalkot",
  "Bagbahara",
  "Bagepalli",
  "Bagha Purana",
  "Baghmari",
  "Bagnan",
  "Bagru",
  "Bahadurgarh",
  "Bahraich",
  "Baidyabati",
  "Baihar",
  "Baijnath",
  "Baikunthpur",
  "Baindur",
  "Bakhrahat",
  "Balaghat",
  "Balangir",
  "Balasore",
  "Balehonnur",
  "Balijipeta",
  "Ballia",
  "Balod",
  "Baloda Bazar",
  "Balotra",
  "Balrampur",
  "Balurghat",
  "Banaganapalli",
  "Banahatti",
  "Banaskantha",
  "Banga",
  "Bangaon",
  "Bangarpet",
  "Bangarupalem",
  "Banki",
  "Bankura",
  "Banswada",
  "Banswara",
  "Bantumilli",
  "Bapatla",
  "Barabanki",
  "Baramati",
  "Baramulla",
  "Baran",
  "Barasat",
  "Baraut",
  "Barbil",
  "Bardoli",
  "Bareilly",
  "Bareja",
  "Bargarh",
  "Barharwa",
  "Barhi",
  "Baripada",
  "Barmer",
  "Barnala",
  "Barpeta Road",
  "Barrackpore",
  "Barshi",
  "Baruipur",
  "Barwadih",
  "Barwaha",
  "Barwani",
  "Basantpur",
  "Basirhat",
  "Basmat",
  "Basna",
  "Basti",
  "Bathinda",
  "Batlagundu",
  "Batticaloa",
  "Bavla",
  "Bayad",
  "Bayana",
  "Bazpur",
  "Beawar",
  "Beed",
  "Beguniapada",
  "Begusarai",
  "Behror",
  "Belagavi",
  "Belakavadi",
  "Belghoria",
  "Bellampalli",
  "Bellary",
  "Belur",
  "Bemetara",
  "Bengaluru",
  "Berachampa",
  "Berhampore",
  "Berhampur",
  "Bestavaripeta",
  "Betalbatim",
  "Betberia",
  "Bethamcherla",
  "Bettiah",
  "Betul",
  "Bhadrachalam",
  "Bhadrak",
  "Bhadravati",
  "Bhagalpur",
  "Bhainsa",
  "Bhandara",
  "Bhanjanagar",
  "Bharamasagara",
  "Bharatpur",
  "Bharuch",
  "Bhatapara",
  "Bhatgaon",
  "Bhatkal",
  "Bhattiprolu",
  "Bhavani",
  "Bhavnagar",
  "Bhawanipatna",
  "Bheemgal",
  "Bhilai",
  "Bhilwara",
  "Bhimadole",
  "Bhimavaram",
  "Bhind",
  "Bhiwadi",
  "Bhiwani",
  "Bhogapuram",
  "Bhojpur",
  "Bhongir",
  "Bhopal",
  "Bhubaneswar",
  "Bhuj",
  "Bhuntar",
  "Bhupalpalle",
  "Bhusawal",
  "Bhutan",
  "Bhuvanagiri",
  "Biaora",
  "Bibinagar",
  "Bichkunda",
  "Bidadi",
  "Bidar",
  "Bihar Sharif",
  "Bihpuria",
  "Bijainagar",
  "Bijnor",
  "Bijoynagar",
  "Bikaner",
  "Bikramganj",
  "Bilara",
  "Bilaspur",
  "Bilgi",
  "Bilimora",
  "Billawar",
  "Biraul",
  "Birra",
  "Bishnupur",
  "Bishrampur",
  "Biswanath Chariali",
  "Bobbili",
  "Bodhan",
  "Bodinayakanur",
  "Boisar",
  "Bokaro",
  "Bolpur",
  "Bomdila",
  "Bommidi",
  "Bonakal",
  "Bongaigaon",
  "Bongaon",
  "Borsad",
  "Botad",
  "Brahmapur",
  "Brahmapuri",
  "Brajrajnagar",
  "Buchireddypalem",
  "Budaun",
  "Budhana",
  "Budhlada",
  "Buhari",
  "Bulandshahr",
  "Buldana",
  "Bundu",
  "Burdwan",
  "Burhanpur",
  "Burhar",
  "Buttayagudem",
  "Byadagi",
  "Byadgi",
  "Byasanagar",
  "Calicut",
  "Canning",
  "Chagallu",
  "Chakan",
  "Chalakudy",
  "Chalisgaon",
  "Challakere",
  "Challapalli",
  "Chamarajnagar",
  "Chamba",
  "Chamoli",
  "Champa",
  "Champahati",
  "Chanchal",
  "Chandannagar",
  "Chandausi",
  "Chandbali",
  "Chandigarh",
  "Chandpur Siau",
  "Chandrakona",
  "Chandrapur",
  "Chandur",
  "Changanassery",
  "Changaramkulam",
  "Channagiri",
  "Channapatna",
  "Channarayapatna",
  "Chanpatia",
  "Chapra",
  "Charkhi Dadri",
  "Chaygaon",
  "Chebrolu",
  "Cheeka",
  "Cheepurupalli",
  "Chelpur",
  "Chelur",
  "Chendrapinni",
  "Chengalpattu",
  "Chengannur",
  "Chennai",
  "Chennur",
  "Chenthrapini",
  "Cherial",
  "Cherla",
  "Cherpulassery",
  "Cherrapunji",
  "Cherthala",
  "Cherukupalli",
  "Cherupuzha",
  "Chetpet",
  "Chevella",
  "Cheyyar",
  "Cheyyur",
  "Chhabra",
  "Chhatarpur",
  "Chhatrapati Sambhajinagar",
  "Chhibramau",
  "Chhindwara",
  "Chickmagaluru",
  "Chidambaram",
  "Chikhli",
  "Chikkaballapur",
  "Chikmagalur",
  "Chikodi",
  "Chilakaluripet",
  "Chinnalapatti",
  "Chinnamandem",
  "Chinnamanur",
  "Chinsurah",
  "Chintalapudi",
  "Chintamani",
  "Chinturu",
  "Chiplun",
  "Chiraiyakot",
  "Chirala",
  "Chirawa",
  "Chitradurga",
  "Chittoor",
  "Chittorgarh",
  "Chodavaram",
  "Chon Buri",
  "Chotila",
  "Choutuppal",
  "Churachandpur",
  "Churu",
  "Coimbatore",
  "Colombo",
  "Cooch Behar",
  "Coonoor",
  "Cuddalore",
  "Cumbum",
  "Cuttack",
  "Dabhara",
  "Dabra",
  "Dahanu",
  "Dahegam",
  "Dahod",
  "Dakshin Barasat",
  "Dalli Rajhara",
  "Dalmianagar",
  "Dalsinghsarai",
  "Daltonganj",
  "Daman",
  "Damarcherla",
  "Dammapeta",
  "Damoh",
  "Danapur",
  "Dandeli",
  "Dang",
  "Dankaur",
  "Dantewada",
  "Daporijo",
  "Darbhanga",
  "Darjeeling",
  "Darlapudi",
  "Darsi",
  "Darwha",
  "Dasuya",
  "Datia",
  "Daund",
  "Dausa",
  "Davanagere",
  "Davuluru",
  "Deesa",
  "Dehradun",
  "Dehri",
  "Delhi",
  "Deogadh",
  "Deoghar",
  "Deoli",
  "Deoria",
  "Deralakatte",
  "Devadurga",
  "Devakottai",
  "Devarakadra",
  "Devarakonda",
  "Devarapalle",
  "Devarapalli",
  "Devgad",
  "Dewas",
  "Dhamnod",
  "Dhampur",
  "Dhamtari",
  "Dhanaura",
  "Dhanbad",
  "Dhanera",
  "Dhar",
  "Dharamjaigarh",
  "Dharampur",
  "Dharamsala",
  "Dharamshala",
  "Dharapuram",
  "Dharashiv",
  "Dharmanagar",
  "Dharmapuri",
  "Dharmavaram",
  "Dharpally",
  "Dharpur",
  "Dharuhera",
  "Dharwad",
  "Dhaulana",
  "Dhekiajuli",
  "Dhemaji",
  "Dhenkanal",
  "Dholka",
  "Dholpur",
  "Dhone",
  "Dhoraji",
  "Dhrangadhra",
  "Dhubri",
  "Dhule",
  "Dhulian",
  "Dhuliyan",
  "Dhuri",
  "Diamond Harbour",
  "Dibrugarh",
  "Digras",
  "Dildar Nagar",
  "Dildarnagar",
  "Dima Hasao",
  "Dimapur",
  "Dinanagar",
  "Dindigul",
  "Diphu",
  "Dirang",
  "Doddaballapura",
  "Doimukh",
  "Domkal",
  "Dongargarh",
  "Doolahat Bazar",
  "Doraha",
  "Dornakal",
  "Dowlaiswaram",
  "Draksharamam",
  "Dubbaka",
  "Dubrajpur",
  "Dudhi",
  "Duggirala",
  "Dumka",
  "Dungarpur",
  "Durg",
  "Durgapur",
  "Dwarka",
  "East Godavari",
  "Edappal",
  "Edlapadu",
  "Ekma",
  "Elesvaram",
  "Eluru",
  "Enkoor",
  "Eramalloor",
  "Erandol",
  "Erattupetta",
  "Ernakulam",
  "Erode",
  "Etah",
  "Etawah",
  "Ettumanoor",
  "Eturnagaram",
  "Faizabad",
  "Falakata",
  "Falna",
  "Faridkot",
  "Farrukhabad",
  "Fatehabad",
  "Fatehgarh Sahib",
  "Fatehpur",
  "Fazilka",
  "Firozabad",
  "Firozpur",
  "Forbesganj",
  "Fulkusma",
  "G.Mamidada",
  "Gadag",
  "Gadarwara",
  "Gadchiroli",
  "Gadhinglaj",
  "Gadivemula",
  "Gadwal",
  "Gajapathinagaram",
  "Gajendragarh",
  "Gajwel",
  "Galle",
  "Gampaha",
  "Gampalagudem",
  "Ganapavaram",
  "Gandhidham",
  "Gandhinagar",
  "Gangarampur",
  "Gangavati",
  "Gangoh",
  "Gangtok",
  "Ganjam",
  "Ganjbasoda",
  "Gannavaram",
  "Garhwa",
  "Garhwal",
  "Gariyadhar",
  "Garla",
  "Gauribidanur",
  "Gauriganj",
  "Gaya",
  "Gazole",
  "Georai",
  "Gharghoda",
  "Ghatanji",
  "Ghazipur",
  "Ghorasahan",
  "Ghumarwin",
  "Giddalur",
  "Gingee",
  "Giridih",
  "Goa",
  "Goalpara",
  "Gobichettipalayam",
  "Godavarikhani",
  "Godda",
  "Godhra",
  "Gogawa",
  "Gohana",
  "Gokak",
  "Gokarna",
  "Gokavaram",
  "Gola Bazar",
  "Golaghat",
  "Gollaprolu",
  "Gonda",
  "Gondal",
  "Gondia",
  "Gonikoppal",
  "Goolikkadavu",
  "Gooty",
  "Gopalganj",
  "Gopalpet",
  "Gopiganj",
  "Gorakhpur",
  "Goramadagu",
  "Gorantla",
  "Gotegaon",
  "Gownipalli",
  "Gudivada",
  "Gudiyatham",
  "Gudlavalleru",
  "Gudur",
  "Guhagar",
  "Gulaothi",
  "Guledgudda",
  "Gummadidala",
  "Guna",
  "Gundlupet",
  "Guntakal",
  "Guntur",
  "Gurap",
  "Gurazala",
  "Gurdaspur",
  "Guruvayur",
  "Guwahati",
  "Gwalior",
  "Habra",
  "Haflong",
  "Hagaribommanahalli",
  "Hajipur",
  "Haldia",
  "Halduchaur",
  "Haldwani",
  "Haliya",
  "Halol",
  "Hambantota",
  "Hamirpur",
  "Hampi",
  "Handwara",
  "Hanuman Junction",
  "Hanumangarh",
  "Hapur",
  "Harda",
  "Hardoi",
  "Haria",
  "Haridwar",
  "Harihar",
  "Haripad",
  "Harugeri",
  "Harur",
  "Hasanparthy",
  "Hasanpur",
  "Hasnabad",
  "Hassan",
  "Hathras",
  "Haveri",
  "Hazaribagh",
  "Himmatnagar",
  "Hindaun City",
  "Hindupur",
  "Hindupuram",
  "Hinganghat",
  "Hingoli",
  "Hiramandalam",
  "Hirekerur",
  "Hiriyur",
  "Hisar",
  "Hojai",
  "Holenarasipura",
  "Honnali",
  "Honnavara",
  "Hooghly",
  "Hoshangabad",
  "Hoshiarpur",
  "Hoskote",
  "Hospet",
  "Hosur",
  "Howrah",
  "Hubballi",
  "Hunagunda",
  "Hunsur",
  "Husnabad",
  "Huvinahadagali",
  "Huzurabad",
  "Huzurnagar",
  "Hyderabad",
  "Ichalkaranji",
  "Ichchapuram",
  "Idappadi",
  "Idar",
  "Idukki",
  "Ieeja",
  "Imphal",
  "Indapur",
  "Indi",
  "Indore",
  "Indukurpeta",
  "Irinjalakuda",
  "Itanagar",
  "Itarsi",
  "Jabalpur",
  "Jadcherla",
  "Jaffna",
  "Jagalur",
  "Jagatdal",
  "Jagatsinghpur",
  "Jagatsingpur",
  "Jagdalpur",
  "Jaggampeta",
  "Jaggayyapeta",
  "Jagraon",
  "Jagtial",
  "Jaijaipur",
  "Jaipur",
  "Jaisalmer",
  "Jajpur Road",
  "Jajpur Town",
  "Jalakandapuram",
  "Jalalabad",
  "Jalandhar",
  "Jalaun",
  "Jalgaon",
  "Jalna",
  "Jalore",
  "Jalpaiguri",
  "Jami",
  "Jamkhandi",
  "Jamkhed",
  "Jammalamadugu",
  "Jammikunta",
  "Jammu",
  "Jamnagar",
  "Jamner",
  "Jamshedpur",
  "Jamui",
  "Jangaon",
  "Jangareddy Gudem",
  "Janjgir",
  "Jaora",
  "Jasdan",
  "Jashpur",
  "Jatni",
  "Jaunpur",
  "Jawalamukhi",
  "Jayamkondacholapuram",
  "Jaysingpur",
  "Jehanabad",
  "Jejuri",
  "Jetpur",
  "Jewar",
  "Jeypore",
  "Jhabua",
  "Jhajha",
  "Jhajjar",
  "Jhalawar",
  "Jhansi",
  "Jhargram",
  "Jharsuguda",
  "Jhunjhunu",
  "Jiaganj",
  "Jigani",
  "Jind",
  "Jintur",
  "Jirapur",
  "Joda",
  "Jodhpur",
  "Jolarpettai",
  "Jorhat",
  "Joynagar Majilpur",
  "Junagadh",
  "Junagarh",
  "K.D Peta",
  "Kadakkal",
  "Kadalundi",
  "Kadapa",
  "Kadi",
  "Kadiri",
  "Kadiyam",
  "Kadthal",
  "Kaij",
  "Kaikaluru",
  "Kaithal",
  "Kakarapalli",
  "Kakinada",
  "Kalaburagi",
  "Kalady",
  "Kalanaur",
  "Kalikiri",
  "Kalimpong",
  "Kalla",
  "Kallachi",
  "Kalladikode",
  "Kallakurichi",
  "Kallara",
  "Kallur",
  "Kalluru",
  "Kalna",
  "Kalol",
  "Kalutara",
  "Kalwakurthy",
  "Kalyani",
  "Kamalaapur",
  "Kamalapur",
  "Kamanaickenpalayam",
  "Kamareddy",
  "Kamavarapukota",
  "Kambainallur",
  "Kamptee",
  "Kamrej",
  "Kanakapura",
  "Kanatal",
  "Kanchikacherla",
  "Kanchipuram",
  "Kanchrapara",
  "Kandamangalam",
  "Kandukur",
  "Kandy",
  "Kangayam",
  "Kangra",
  "Kanhangad",
  "Kanichar",
  "Kanigiri",
  "Kanipakam",
  "Kanjirappally",
  "Kankavli",
  "Kanker",
  "Kankipadu",
  "Kankroli",
  "Kannauj",
  "Kanniyakumari",
  "Kannur",
  "Kanpur",
  "Kantabanji",
  "Kanyakumari",
  "Kapadvanj",
  "Kapurthala",
  "Karad",
  "Karaikal",
  "Karambakkudi",
  "Karanja Lad",
  "Karanjia",
  "Kareli",
  "Karepalli",
  "Kargi Road",
  "Karimangalam",
  "Karimganj",
  "Karimnagar",
  "Kariyad",
  "Karjat",
  "Karkala",
  "Karmala",
  "Karmamthody",
  "Karnal",
  "Karukachal",
  "Karunagapally",
  "Karur",
  "Karwar",
  "Kasaragod",
  "Kasdol",
  "Kasganj",
  "Kashig",
  "Kashipur",
  "Kashti",
  "Kasibugga",
  "Katghora",
  "Kathipudi",
  "Kathmandu",
  "Kathua",
  "Katihar",
  "Katni",
  "Katra",
  "Katrenikona",
  "Kattanam",
  "Kattappana",
  "Katwa",
  "Kavali",
  "Kaveripattinam",
  "Kaviti",
  "Kawardha",
  "Kayamkulam",
  "Kazhakkoottam",
  "Kazipet",
  "Kegalle",
  "Kekri",
  "Kendrapara",
  "Keonjhar",
  "Kesamudram",
  "Kesinga",
  "Kevadia",
  "Khachrod",
  "Khadda",
  "Khajani",
  "Khajipet",
  "Khajuraho",
  "Khajuri",
  "Khalilabad",
  "Khambhat",
  "Khamgaon",
  "Khammam",
  "Khanapur",
  "Khandela",
  "Khandwa",
  "Khanna",
  "Kharagpur",
  "Kharghar",
  "Khargone",
  "Khariar Road",
  "Kharsia",
  "Khategaon",
  "Khatima",
  "Khatta",
  "Khed",
  "Kheda",
  "Khedbrahma",
  "Khila",
  "Khopoli",
  "Khowai",
  "Khumulwng",
  "Khurja",
  "Kichha",
  "Kilinochchi",
  "Kim",
  "Kinathukadavu",
  "Kinnaur",
  "Kirlampudi",
  "Kishanganj",
  "Kishangarh",
  "Kochi",
  "Kodad",
  "Kodagu",
  "Kodaikanal",
  "Kodakara",
  "Kodaly",
  "Koderma",
  "Kodumur",
  "Kodumuru",
  "Kodungallur",
  "Kohima",
  "Koilkuntla",
  "Kokrajhar",
  "Kolar",
  "Kolhapur",
  "Kolkata",
  "Kollam",
  "Kollapur",
  "Kollengode",
  "Kolluru",
  "Komarapalayam",
  "Kommugudem",
  "Kondagaon",
  "Kondamallepally",
  "Kondlahalli",
  "Konithiwada",
  "Konni",
  "Koothattukulam",
  "Kopargaon",
  "Koppam",
  "Koraput",
  "Koratagere",
  "Korba",
  "Korukonda",
  "Korutla",
  "Korwa",
  "Kosamba",
  "Kosgi",
  "Kota",
  "Kotabommali",
  "Kotananduru",
  "Kotdwara",
  "Kothacheruvu",
  "Kothagudem",
  "Kothakota",
  "Kothamangalam",
  "Kothapalli",
  "Kothapeta",
  "Kothavalasa",
  "Kotkapura",
  "Kotma",
  "Kotpad",
  "Kotputli",
  "Kottakkal",
  "Kottayam",
  "Kottayi",
  "Kottiyam",
  "Kotturu",
  "Kovilpatti",
  "Kovur",
  "Kovvur",
  "Koyyalagudem",
  "Kozhikode",
  "Kozhinjampara",
  "Krishnadevipeta",
  "Krishnagiri",
  "Krishnanagar",
  "Krishnarajanagara",
  "Krishnarajpete",
  "Krosuru",
  "Kruthivennu",
  "Kuchaman City",
  "Kuchipudi",
  "Kudus",
  "Kujang",
  "Kuju",
  "Kukshi",
  "Kulithalai",
  "Kullu",
  "Kumarakom",
  "Kumbakonam",
  "Kumily",
  "Kunda",
  "Kundapura",
  "Kunigal",
  "Kunkuri",
  "Kunnamkulam",
  "Kuravilangad",
  "Kurnool",
  "Kurseong",
  "Kurud",
  "Kurukshetra",
  "Kurumaseri",
  "Kurundwad",
  "Kurunegala",
  "Kushalnagar",
  "Kushinagar",
  "Kusumgram",
  "Kutch",
  "Kuthuparamba",
  "Ladakh",
  "Lakhanpur",
  "Lakhimpur",
  "Lakhimpur Kheri",
  "Lakhisarai",
  "Lakkavaram",
  "Lakshmeshwara",
  "Lakshmikantapur",
  "Lalgudi",
  "Lalitpur",
  "Lansdowne",
  "Latur",
  "Lavasa",
  "Leeja",
  "Leh",
  "Likabali",
  "Lingasugur",
  "Lohardaga",
  "Lonand",
  "Lonar",
  "Lonavala",
  "Loni",
  "Lucknow",
  "Ludhiana",
  "Lunawada",
  "Luxettipet",
  "Macherla",
  "Machilipatnam",
  "Madalu",
  "Madanapalle",
  "Maddur",
  "Madhavaram",
  "Madhepura",
  "Madhira",
  "Madhubani",
  "Madikeri",
  "Madugula",
  "Madurai",
  "Magadi",
  "Mahabaleshwar",
  "Mahabubabad",
  "Mahad",
  "Mahalingpur",
  "Maharajganj",
  "Mahasamund",
  "Mahbubnagar",
  "Mahemdavad",
  "Maheshtala",
  "Maheshwar",
  "Maheshwaram",
  "Mahishadal",
  "Mahudha",
  "Mahuva",
  "Mainpuri",
  "Makrana",
  "Makthal",
  "Malappuram",
  "Malda",
  "Malebennur",
  "Malegaon",
  "Malerkotla",
  "Malikipuram",
  "Malkangiri",
  "Malkapur",
  "Mall",
  "Malout",
  "Malur",
  "Mamallapuram",
  "Manali",
  "Manamadurai",
  "Mananthavady",
  "Manapparai",
  "Manawar",
  "Mancherial",
  "Mandapeta",
  "Mandarmoni",
  "Mandasa",
  "Mandav",
  "Mandawa",
  "Mandi",
  "Mandi Dabwali",
  "Mandi Gobindgarh",
  "Mandla",
  "Mandsaur",
  "Mandvi",
  "Mandwa",
  "Mandya",
  "Manendragarh",
  "Mangalagiri",
  "Mangaldoi",
  "Mangaluru",
  "Mangalwedha",
  "Mangar",
  "Manikonda",
  "Manipal",
  "Manjeri",
  "Manmad",
  "Mannar",
  "Mannargudi",
  "Mannarkkad",
  "Mannur",
  "Mansa",
  "Manthani",
  "Manuguru",
  "Manvi",
  "Maraimalai Nagar",
  "Marayur",
  "Margao",
  "Margherita",
  "Markapur",
  "Marpalle",
  "Marripeda",
  "Marthandam",
  "Martur",
  "Maslandapur",
  "Matale",
  "Matara",
  "Math Chandipur",
  "Mathabhanga",
  "Mathura",
  "Mattannur",
  "Mau",
  "Mavelikkara",
  "Mawana",
  "Mayannur",
  "Mayiladuthurai",
  "Medak",
  "Medarametla",
  "Medchal",
  "Medininagar",
  "Meerut",
  "Mehkar",
  "Mehsana",
  "Melattur",
  "Melli",
  "Memari",
  "Metpally",
  "Mettuppalayam",
  "Mettur",
  "Mhow",
  "Midnapore",
  "Miraj",
  "Mirganj",
  "Miryalaguda",
  "Mirzapur",
  "Moga",
  "Mokama",
  "Molakalmuru",
  "Mominpet",
  "Moneragala",
  "Moodbidri",
  "Moradabad",
  "Moranhat",
  "Morbi",
  "Morena",
  "Morigaon",
  "Morinda",
  "Mothkur",
  "Motihari",
  "Moyna",
  "Mudalagi",
  "Muddebihal",
  "Mudhol",
  "Mudigere",
  "Mughalsarai",
  "Mukerian",
  "Mukkam",
  "Muktsar",
  "Mulbagal",
  "Mulkanoor",
  "Mullaitivu",
  "Mullanpur",
  "Mulleria",
  "Mulugu",
  "Mulugu Ghanpur",
  "Mumbai",
  "Mummidivaram",
  "Mundakayam",
  "Mundargi",
  "Mundra",
  "Mungra Badshahpur",
  "Muniguda",
  "MUNNAR",
  "Muradnagar",
  "Murshidabad",
  "Murtizapur",
  "Musiri",
  "Mussoorie",
  "Muvattupuzha",
  "Muzaffarnagar",
  "Muzaffarpur",
  "Mydukur",
  "Mylavaram",
  "Mysuru",
  "Nabadwip",
  "Nabarangpur",
  "Nabha",
  "Nadaun",
  "Nadia",
  "Nadiad",
  "Nagamangala",
  "Nagaon",
  "Nagapattinam",
  "Nagaram",
  "Nagari",
  "Nagarkurnool",
  "Nagaur",
  "Nagayalanka",
  "Nagda",
  "Nagercoil",
  "Nagothane",
  "Nagpur",
  "Naharlagun",
  "Naidupeta",
  "Naihati",
  "Nainital",
  "Najafgarh",
  "Najibabad",
  "Nakhatrana",
  "Nakodar",
  "Nakrekal",
  "Nalbari",
  "Nalgonda",
  "Nallajerla",
  "Namakkal",
  "Namchi",
  "Namkhana",
  "Namsai",
  "Nandakumar",
  "Nanded",
  "Nandigama",
  "Nandikotkur",
  "Nandipet",
  "Nandurbar",
  "Nandyal",
  "Nanjanagudu",
  "Nanpara",
  "Narasannapeta",
  "Narayankhed",
  "Narayanpet",
  "Narayanpur",
  "Nargund",
  "Narnaul",
  "Narsampet",
  "Narsapur",
  "Narsinghpur",
  "Narsipatnam",
  "Narwana",
  "Nashik",
  "Natham",
  "Nathdwara",
  "Nautanwa",
  "Navsari",
  "Nawada",
  "Nawalgarh",
  "Nawanshahr",
  "Nawapara",
  "Nayagarh",
  "Nazira",
  "Nazirpur",
  "Nedumbassery",
  "Nedumkandam",
  "Neelapalli",
  "Neemrana",
  "Neemuch",
  "Nelakondapalli",
  "Nelamangala",
  "Nellimarla",
  "Nellimoodu",
  "Nellore",
  "Nemmara",
  "Nenmara",
  "Nepalgunj",
  "Ner Parsopant",
  "Neral",
  "Nereducharla",
  "New Tehri",
  "Neyveli",
  "Nichlaul",
  "Nidadavolu",
  "Nilagiri",
  "Nilakottai",
  "Nilambur",
  "Nilanga",
  "Nilgiris",
  "Nimapara",
  "Nimbahera",
  "Nindra",
  "Nipani",
  "Niphad",
  "Nirjuli",
  "Nizamabad",
  "Nokha",
  "Nooranad",
  "Nurpur",
  "Nuwara Eliya",
  "Nuzvid",
  "Nyamathi",
  "Oddanchatram",
  "Ojhar",
  "Okha",
  "Ongole",
  "Ooty",
  "Orai",
  "Orchha",
  "Ottapalam",
  "P. Dharmavaram",
  "P.Gannavaram",
  "Padampur",
  "Padrauna",
  "Padubidri",
  "Pakala",
  "Pala",
  "Palakkad",
  "Palakollu",
  "Palakonda",
  "Palakurthy",
  "Palamaner",
  "Palampur",
  "Palani",
  "Palanpur",
  "Palapetty",
  "Palasa",
  "Palghar",
  "Pali",
  "Palia Kalan",
  "Palitana",
  "Palladam",
  "Pallickathodu",
  "Pallipalayam",
  "Palluruthy",
  "Palwal",
  "Palwancha",
  "Pamarru",
  "Pamgarh",
  "Pamidi",
  "Pamuru",
  "Panachamoodu",
  "Panaji",
  "Panapakkam",
  "Panchgani",
  "Panchkula",
  "Pandalam",
  "Pandavapura",
  "Pandhana",
  "Pandharkawada",
  "Pandharpur",
  "Pandua",
  "Panipat",
  "Panna",
  "Panruti",
  "Pansemal",
  "Paonta Sahib",
  "Papanasam",
  "Pappanadu",
  "Paradeep",
  "Paralakhemundi",
  "Parappanangadi",
  "Paratwada",
  "Parbhani",
  "Parchur",
  "Parigi",
  "Parkal",
  "Parli",
  "Parvathipuram",
  "Parwanoo",
  "Pasara",
  "Pasighat",
  "Patan",
  "Pathalgaon",
  "Pathanamthitta",
  "Pathanapuram",
  "Pathankot",
  "Pathapatnam",
  "Pathsala",
  "Patiala",
  "Patna",
  "Patran",
  "Patratu",
  "Pattabiram",
  "Pattambi",
  "Pattukkottai",
  "Pavagada",
  "Payakaraopeta",
  "Payyanur",
  "Payyoli",
  "Pazhayannur",
  "Pebbair",
  "Pedana",
  "Pedanandipadu",
  "Pedapadu",
  "Peddapalli",
  "Peddapuram",
  "Pen",
  "Pendra",
  "Pennagaram",
  "Penuganchiprolu",
  "Penugonda",
  "Peralam",
  "Perambalur",
  "Peravoor",
  "Peringamala",
  "Peringottukurissi",
  "Perinthalmanna",
  "Periyapatna",
  "Pernambut",
  "Perundurai",
  "Petlad",
  "Phagwara",
  "Phalodi",
  "Phaltan",
  "Pharenda",
  "Phulbani",
  "Piduguralla",
  "Pilani",
  "Pileru",
  "Pilibhit",
  "Pimpalner",
  "Pimpri",
  "Pinjore",
  "Pipariya",
  "Pipraich",
  "Pithampur",
  "Pithapuram",
  "Pithora",
  "Pithoragarh",
  "Pitlam",
  "Pochampally",
  "Podalakur",
  "Podili",
  "Polavaram",
  "Pollachi",
  "Polonnaruwa",
  "Ponda",
  "Pondicherry",
  "Ponduru",
  "Ponkunnam",
  "Ponnamaravathi",
  "Ponnani",
  "Ponneri",
  "Poovar",
  "Porbandar",
  "Port Blair",
  "Porumamilla",
  "Pratapgarh",
  "Prayagraj",
  "Proddatur",
  "Pudukkottai",
  "Pudunagaram",
  "Pulgaon",
  "Puliampatti",
  "Pulivendula",
  "Puliyangudi",
  "Pulluvila",
  "Pulpally",
  "Pulwama",
  "Punalur",
  "Pune",
  "Punganur",
  "Puranpur",
  "Puri",
  "Purnea",
  "Purulia",
  "Pusad",
  "Pusapatirega",
  "Pushkar",
  "Puthenvelikara",
  "Puthenvelikkara",
  "Puthoor",
  "Puttalam",
  "Puttur",
  "Rabkavi Banhatti",
  "Radhamoni",
  "Raebareli",
  "Raghopur",
  "Raghunathganj",
  "Rahata",
  "Rahimatpur",
  "Rahuri",
  "Raibag",
  "Raichur",
  "Raigad",
  "Raiganj",
  "Raigarh",
  "Raikal",
  "Raikot",
  "Railway Koduru",
  "Raipur",
  "Raipuriya",
  "Raisinghnagar",
  "Raja Ka Bagh",
  "Rajakumari",
  "Rajam",
  "Rajamahendravaram",
  "Rajapalayam",
  "Rajapur",
  "Rajarampalli",
  "Rajavommangi",
  "Rajgangpur",
  "Rajgurunagar",
  "Rajiana",
  "Rajkot",
  "Rajnandgaon",
  "Rajpipla",
  "Rajpur",
  "Rajpura",
  "Rajsamand",
  "Rajula",
  "Ramachandrapuram",
  "Ramanagara",
  "Ramanathapuram",
  "Ramayampet",
  "Ramdurg",
  "Rameswarpur",
  "Ramgarh",
  "Ramgarhwa",
  "Ramjibanpur",
  "Ramnagar",
  "Rampachodavaram",
  "Rampur",
  "Ramtek",
  "Ranaghat",
  "Ranastalam",
  "Ranchi",
  "Ranebennur",
  "Rangia",
  "Rani",
  "Raniganj",
  "Ranipet",
  "Ranni",
  "Rapur",
  "Rasipuram",
  "Rath",
  "Ratlam",
  "Ratnagiri",
  "Ratnapura",
  "Ravulapalem",
  "Raxaul",
  "Rayachoti",
  "Rayagada",
  "Rayakottai",
  "Rayavaram",
  "Razole",
  "Rentachintala",
  "Renukoot",
  "Repalle",
  "Revdanda",
  "Rewa",
  "Rewari",
  "RiBhoi",
  "Ringas",
  "Rishikesh",
  "Rishra",
  "Robertsganj",
  "Rohtak",
  "Ron",
  "Rongjeng",
  "Roorkee",
  "Rourkela",
  "Routhulapudi",
  "Rudauli",
  "Rudrapur",
  "Rupnagar",
  "Sabbavaram",
  "Sadasivpet",
  "Safidon",
  "Sagar",
  "Sagara",
  "Sagwara",
  "Saharanpur",
  "Saharsa",
  "Sahibganj",
  "Sahjanwa",
  "Sakleshpur",
  "Sakti",
  "Salem",
  "Saligrama",
  "Salihundam",
  "Salipur",
  "Salur",
  "Samalkota",
  "Samastipur",
  "Sambalpur",
  "Sambhal",
  "Sambhar",
  "Samsi",
  "Sanand",
  "Sanawad",
  "Sangamner",
  "Sangareddy",
  "Sangaria",
  "Sangli",
  "Sangola",
  "Sangrur",
  "Sankarankoil",
  "Sankarapuram",
  "Sankeshwar",
  "Sankri",
  "Santhebennur",
  "Sanwer",
  "Saoner",
  "Saraipali",
  "Sarangarh",
  "Sarangpur",
  "Sarapaka",
  "Sardhana",
  "Sardulgarh",
  "Sarnath",
  "Sarni",
  "Sarsiwa",
  "Sasaram",
  "Satana",
  "Satara",
  "Sathankulam",
  "Sathupally",
  "Sathyamangalam",
  "Satmile",
  "Satna",
  "Sattenapalle",
  "Saundatti",
  "Sawai Madhopur",
  "Sawantwadi",
  "Sayan",
  "Secunderabad",
  "Seethanagaram",
  "Sehmalpur",
  "Sehore",
  "Selu",
  "Semiliguda",
  "Senapati",
  "Sendhwa",
  "Sendurai",
  "Sengottai",
  "Seoni",
  "Seoni Malwa",
  "Serampore",
  "Shadnagar",
  "Shahada",
  "Shahapur",
  "Shahdol",
  "Shahjahanpur",
  "Shahpur",
  "Shahpura",
  "Shajapur",
  "Shamgarh",
  "Shamli",
  "Shankarampet",
  "Shankarpally",
  "Shankarpur",
  "Shela",
  "Sheopur",
  "Sheoraphuli",
  "Sheorinarayan",
  "Shikaripur",
  "Shikarpur",
  "Shikrapur",
  "Shillong",
  "Shimla",
  "Shindkheda",
  "Shirahatti",
  "Shirali",
  "Shirpur",
  "Shirur",
  "Shivamogga",
  "Shivpuri",
  "Shopian",
  "Shoranur",
  "Shrigonda",
  "Shrirampur",
  "Shujalpur",
  "Shuklaganj",
  "Siddharthnagar",
  "Siddhpur",
  "Siddipet",
  "Sidlaghatta",
  "Sihora",
  "Sikandra",
  "Sikar",
  "Silchar",
  "Siliguri",
  "Silvassa",
  "Sindhanur",
  "Sindhudurg",
  "Singapore",
  "Singarayakonda",
  "Singrauli",
  "Sinnar",
  "Sira",
  "Sircilla",
  "Sirmaur",
  "Sirohi",
  "Sirsa",
  "Sirsi",
  "Siruguppa",
  "Sitamarhi",
  "Sitapur",
  "Sivaganga",
  "Sivakasi",
  "Sivasagar",
  "Siwan",
  "Solan",
  "Solapur",
  "Solukhumbu",
  "Sompeta",
  "Sonari",
  "Songadh",
  "Sonipat",
  "Sonkatch",
  "Soron",
  "South 24 Parganas",
  "Sri Ganganagar",
  "Sri Sathya Sai",
  "Srikakulam",
  "Srinagar",
  "Srirangapatna",
  "Srivaikuntam",
  "Srivilliputhur",
  "Station Ghanpur",
  "Sugauli",
  "Sujangarh",
  "Sukma",
  "Sultanabad",
  "Sultanpur",
  "Sulthan Bathery",
  "Sumerpur",
  "Sundar Nagar",
  "Sundargarh",
  "Sunguvarchatram",
  "Supaul",
  "Surajpur",
  "Surat",
  "Surathkal",
  "Surendranagar",
  "Suri",
  "Suriya",
  "Suryapet",
  "T.Narasapuram",
  "Tadepalligudem",
  "Tadikalapudi",
  "Tadipatri",
  "Tajpur",
  "Talcher",
  "Taliparamba",
  "Tallapudi",
  "Tallarevu",
  "Talwandi Bhai",
  "Tamluk",
  "Tanda",
  "Tandur",
  "Tangla",
  "Tangutur",
  "Tanuku",
  "Tarapur",
  "Tarikere",
  "Tarkeshwar",
  "Tasgaon",
  "Tatipaka",
  "Tawang",
  "Tekkali",
  "Tembhurni",
  "Tenali",
  "Tenkasi",
  "Terdal",
  "Tezpur",
  "Tezu",
  "Thalassery",
  "Thalayolaparambu",
  "Thalikulam",
  "Thallada",
  "Thamarassery",
  "Thanipadi",
  "Thanjavur",
  "Tharad",
  "Theni",
  "Thimmapuram",
  "Thirthahalli",
  "Thirubuvanai",
  "Thirumalagiri",
  "Thirunageswaram",
  "Thiruthuraipoondi",
  "Thiruttani",
  "Thiruvalla",
  "Thiruvarur",
  "Thodupuzha",
  "Thoothukudi",
  "Thorrur",
  "Thottiyam",
  "Thriprayar",
  "Thrissur",
  "Thullur",
  "Thuraiyur",
  "TIHU",
  "Tihu",
  "Tilda Neora",
  "Tindivanam",
  "Tinsukia",
  "Tiptur",
  "Tiruchendur",
  "Tirukoilur",
  "Tirumakudalu Narasipura",
  "Tirunelveli",
  "Tirupati",
  "Tirupattur",
  "Tirupur",
  "Tirur",
  "Tiruvallur",
  "Tiruvannamalai",
  "Tiruvarur",
  "Tiruvuru",
  "Tirwaganj",
  "Titagarh",
  "Titlagarh",
  "Tittakudi",
  "Tonk",
  "Toopran",
  "Trichy",
  "Trincomalee",
  "Trivandrum",
  "Tumakuru",
  "Tumsar",
  "Tuni",
  "Tura",
  "Turputallu",
  "Turuvekere",
  "Udaipur",
  "Udaynarayanpur",
  "Udgir",
  "Udhampur",
  "Udumalaipettai",
  "Udumalpet",
  "Udupi",
  "Ujhani",
  "Ujjain",
  "Ulikkal",
  "Uluberia",
  "Ulundurpet",
  "Umaria",
  "Umbergaon",
  "Umbraj",
  "Umerkote",
  "Umred",
  "Una",
  "Undavalli",
  "Unnao",
  "Uppada",
  "Uthamapalayam",
  "Uthangarai",
  "Uthiramerur",
  "Uthukottai",
  "Utraula",
  "Uttar Dinajpur",
  "Uttara Kannada",
  "Uttarkashi",
  "Vadakara",
  "Vadakkencherry",
  "Vadalur",
  "Vadanappally",
  "Vadodara",
  "Vaduj",
  "Vaijapur",
  "Valanchery",
  "Valaparla",
  "Valigonda",
  "Valluru",
  "Valsad",
  "Vaniyambadi",
  "Vapi",
  "Varadaiahpalem",
  "Varadiyam",
  "Varanasi",
  "Varkala",
  "Vasind",
  "Vatsavai",
  "Vavuniya",
  "Vazhapadi",
  "Vedasandur",
  "Veeraghattam",
  "Velangi",
  "Velanja",
  "Velanthavalam",
  "Vellakoil",
  "Vellampalli",
  "Vellore",
  "Velugodu",
  "Vempalli",
  "Vemulawada",
  "Vengurla",
  "Venkatapuram",
  "Veraval",
  "Vetapalem",
  "Vettaikaranpudur",
  "Vettavalam",
  "Vidisha",
  "Vijapur",
  "Vijayapura",
  "Vijayarai",
  "Vijayawada",
  "Vikarabad",
  "Vikasnagar",
  "Vikravandi",
  "Villupuram",
  "Vinukonda",
  "Viralimalai",
  "Virudhachalam",
  "Virudhunagar",
  "Visnagar",
  "Vissannapeta",
  "Vita",
  "Vithlapur",
  "Vizag",
  "Vizianagaram",
  "Vrindavan",
  "Vuyyuru",
  "Vyara",
  "Wadakkancherry",
  "Wai",
  "Waluj",
  "Wanaparthy",
  "Wani",
  "Warangal",
  "Wardha",
  "Wardhannapet",
  "Warora",
  "Washim",
  "Wayanad",
  "West Kameng",
  "Wyra",
  "Yadagirigutta",
  "Yamunanagar",
  "Yanam",
  "Yangon",
  "Yavatmal",
  "Yelagiri",
  "Yelburga",
  "Yeleswaram",
  "Yellamanchili",
  "Yellandu",
  "Yellareddy",
  "Yellareddypet",
  "Yemmiganur",
  "Yeola",
  "Yerragondapalem",
  "Yerraguntla",
  "Yewat",
  "Yuksom",
  "Zaheerabad",
  "Zarap",
  "Ziro"
]